exposure,model_form,outcome,transform,n_obs,n_subjects,beta1,se1,ci1_low,ci1_high,p1,beta2,se2,ci2_low,ci2_high,p2,alpha
vo2_current_start,quadratic,meanhr,raw,923,22,1.467805795753766,0.2176456677890647,1.0412281254960298,1.8943834660115022,1.540679042523601e-11,-0.0740967611191319,0.08663467084396077,-0.2438975957857773,0.09570407354751352,0.39239705233150246,0.9707757466600007
vo2_current_start,linear,meanhr,raw,923,22,1.4729678832589457,0.21411074975511057,1.0533185250360608,1.8926172414818305,6.007682183530316e-12,,,,,,0.9706836897290962
vo2_current_start,quadratic,sdnn,raw,923,22,-0.6861126856983971,0.1072889657214354,-0.8963951944509629,-0.4758301769458313,1.6054980502134213e-10,-0.060653594652199126,0.060434189879453246,-0.1791024302507825,0.05779524094638427,0.3155567601233883,0.9874350706357176
vo2_current_start,linear,sdnn,raw,923,22,-0.6813004346529946,0.10915013919087144,-0.8952307763746365,-0.46737009293135273,4.3238404069630954e-10,,,,,,0.9875705469560663
vo2_current_start,quadratic,rmssd,log,923,22,-0.009263436066481752,0.0052143755586550435,-0.01948342436331156,0.0009565522303480577,0.07564745057726814,0.003879942825617038,0.0022595762624897727,-0.0005487452691845403,0.008308630920418615,0.08595892748911921,0.9978613083517842
vo2_current_start,linear,rmssd,log,923,22,-0.009472769754520001,0.005244319813624814,-0.019751447712634443,0.0008059082035944427,0.07087283517224831,,,,,,0.9979646862765856
vo2_current_start,quadratic,lfpowfft,log,923,22,-0.13186619891755866,0.02015481127859406,-0.1713689031388047,-0.09236349469631262,6.043168803990876e-11,-0.0002572629218157649,0.009343431391536514,-0.01857005194124829,0.018055526097616764,0.9780337467620392,0.9695511472505796
vo2_current_start,linear,lfpowfft,log,923,22,-0.13184807563175088,0.020188405273285904,-0.17141662287268977,-0.09227952839081201,6.538386517811139e-11,,,,,,0.9695549204936081
vo2_current_start,quadratic,hfpowfft,log,923,22,-0.06263431333023889,0.015884458653488264,-0.09376728020499149,-0.03150134645548629,8.042866628076066e-05,0.015483973600340577,0.007128585908835562,0.001512201958323146,0.029455745242358007,0.029848415627562144,0.9812272747210534
vo2_current_start,linear,hfpowfft,log,923,22,-0.06331897450012469,0.01457335328829033,-0.0918822220791521,-0.03475572692109728,1.3937345847541456e-05,,,,,,0.9812663884274421
vo2_current_start,quadratic,lfhffft,log,923,22,-0.041089502060788125,0.011058682632564862,-0.06276412173707385,-0.019414882384502404,0.0002027321568290974,-0.013903010907881057,0.0059840712982580715,-0.025631575133386722,-0.0021744466823753923,0.020161085679453575,0.9876418292091182
vo2_current_start,linear,lfhffft,log,923,22,-0.04019504344767786,0.010193214083794611,-0.06017337593862174,-0.02021671095673398,8.036333544169561e-05,,,,,,0.9879124144538213
vo2_current_start,quadratic,sampen,log,923,22,0.02888883992305239,0.00990467107608601,0.00947604133520823,0.048301638510896555,0.0035376892021060286,0.01051711490853724,0.004814099857041191,0.0010816525707570811,0.019952577246317396,0.028914646050671563,0.9942916526551654
vo2_current_start,linear,sampen,log,923,22,0.02808067837664657,0.009327598306288144,0.009798921634065,0.046362435119228135,0.002608231340965337,,,,,,0.9949515319144344
vo2_mid,quadratic,meanhr,raw,923,22,1.4729067459472966,0.23949673286260836,1.0035017751215738,1.9423117167730195,7.747919613989177e-10,0.048249261187564826,0.08738886356675885,-0.123029764053167,0.21952828642829664,0.5808651849916165,0.9697027168666212
vo2_mid,linear,meanhr,raw,923,22,1.4672269317845885,0.245209890693507,0.9866243773723115,1.9478294861968655,2.1831891783239636e-09,,,,,,0.9696859708847406
vo2_mid,quadratic,sdnn,raw,923,22,-0.7555815183942814,0.14906416365775496,-1.0477419105490655,-0.4634211262394973,4.002598696490862e-07,-0.09353781726851951,0.042242663228377525,-0.17633191580719393,-0.010743718729845073,0.026808330764625483,0.9871793824008025
vo2_mid,linear,sdnn,raw,923,22,-0.7424962739077646,0.1546348500517979,-1.0455750107640402,-0.43941753705148906,1.5739484824175076e-06,,,,,,0.9872013611750803
vo2_mid,quadratic,rmssd,log,923,22,-0.01008023825523738,0.0058174797866875575,-0.021482289117934747,0.001321812607459989,0.08314010858045102,0.0014558669356984138,0.003089955122112557,-0.004600333817487263,0.00751206768888409,0.6375256303773974,0.9979187152820671
vo2_mid,linear,rmssd,log,923,22,-0.010285773482064548,0.005484185301413156,-0.021034579157378275,0.00046303219324917745,0.06071935953419175,,,,,,0.9979712187993242
vo2_mid,quadratic,lfpowfft,log,923,22,-0.1259283043846447,0.022975723978273337,-0.17095989590079377,-0.08089671286849562,4.230990386342814e-08,-0.0030995935419803806,0.008458463155109784,-0.01967787669055459,0.013478689606593828,0.71403022267593,0.9682912446945863
vo2_mid,linear,lfpowfft,log,923,22,-0.12555272630647885,0.023476331010745036,-0.1715654895766799,-0.07953996303627778,8.890409883065006e-08,,,,,,0.9682856278118332
vo2_mid,quadratic,hfpowfft,log,923,22,-0.06791679430568662,0.013764977419767557,-0.0948956542964381,-0.04093793431493513,8.055057598384336e-07,0.011294837990622772,0.0062987717894578766,-0.0010505278635515748,0.02364020384479712,0.07294398473795062,0.9806347794140238
vo2_mid,linear,hfpowfft,log,923,22,-0.06916188337521928,0.013076047392057312,-0.09479046532379051,-0.04353330142664805,1.228497529119673e-07,,,,,,0.9808693019796089
vo2_mid,quadratic,lfhffft,log,923,22,-0.027889320707209994,0.011208546188902624,-0.049857667556512816,-0.005920973857907168,0.012838454779274045,-0.010492399519087155,0.005430022015177453,-0.02113504710409457,0.00015024806592025923,0.05332321586492252,0.9873449935400033
vo2_mid,linear,lfhffft,log,923,22,-0.026336461601827395,0.010660778471242076,-0.04723120345262184,-0.005441719751032952,0.01349594113024552,,,,,,0.9875074188779454
vo2_mid,quadratic,sampen,log,923,22,0.027525377752143698,0.008483910475379166,0.010897218772338443,0.04415353673194895,0.0011768963664885491,0.005496474807163444,0.004170055297374463,-0.0026766833892309687,0.013669633003557856,0.18747620095243878,0.9945007844388237
vo2_mid,linear,sampen,log,923,22,0.026687524940853996,0.007908516889495535,0.011187116666316011,0.04218793321539198,0.0007394194296589174,,,,,,0.9946784317255047
vo2_mean,quadratic,meanhr,raw,923,22,17.293749495394614,0.719602393364511,15.883354721211347,18.70414426957788,1.2763892726113178e-127,-0.9882311479817496,0.37183257261749747,-1.717009598590919,-0.25945269737258025,0.007866853586873768,1.0018184098392702
vo2_mean,linear,meanhr,raw,923,22,17.39315993056953,0.7715413895377219,15.880966594493607,18.905353266645456,1.5590539858634885e-112,,,,,,1.0010820703087944
vo2_mean,quadratic,sdnn,raw,923,22,-10.723318259922225,0.8600209525170296,-12.408928352805434,-9.037708167039016,1.1065624229662432e-35,-1.2294918325683137,0.7603835072079796,-2.7198161211342065,0.260832455997579,0.10589199261891016,1.001857299885462
vo2_mean,linear,sdnn,raw,923,22,-10.604678520316984,0.8165249760591328,-12.205038065870314,-9.004318974763654,1.4391710713110164e-38,,,,,,1.003641955326073
vo2_mean,quadratic,rmssd,log,923,22,-0.04098937753537245,0.057542001486461755,-0.15376962804718775,0.07179087297644285,0.4762552478226886,0.11817276173630036,0.022750767427781298,0.07358207695720204,0.16276344651539867,2.055667830204469e-07,0.9953249985839806
vo2_mean,linear,rmssd,log,923,22,-0.05061751482455395,0.05246650548243921,-0.15344997596480808,0.05221494631570019,0.3346657130896701,,,,,,0.9982900550479901
vo2_mean,quadratic,lfpowfft,log,923,22,-1.4752770867312834,0.0888095281154545,-1.6493405633215716,-1.3012136101409952,5.734643175433732e-62,0.10350459494727848,0.04606932691889994,0.013210373394232977,0.193798816500324,0.02465832040045523,0.9918115805429135
vo2_mean,linear,lfpowfft,log,923,22,-1.4808755555888005,0.0932798773732485,-1.6637007557226802,-1.2980503554549208,9.348787558464826e-57,,,,,,0.9919468031261102
vo2_mean,quadratic,hfpowfft,log,923,22,-0.9015397133743781,0.12417965929513068,-1.1449273732052887,-0.6581520535434674,3.871966477456269e-13,0.37341221347055265,0.06436859482471324,0.24725208587866337,0.4995723410624419,6.585957695506595e-09,0.9897736238784522
vo2_mean,linear,hfpowfft,log,923,22,-0.9234939312218163,0.12294385346227286,-1.1644594561284412,-0.6825284063151915,5.84493998896666e-14,,,,,,0.993761751265147
vo2_mean,quadratic,lfhffft,log,923,22,-0.5721191618558582,0.10744454495727414,-0.7827066003074101,-0.3615317234043062,1.0107220250227055e-07,-0.2698827651631213,0.07016550937707326,-0.40740463649909237,-0.13236089382715027,0.00011987891341429797,0.9901135395599189
vo2_mean,linear,lfhffft,log,923,22,-0.5602296472342255,0.09403044038209052,-0.7445259238335636,-0.3759333706348874,2.5540526551295243e-09,,,,,,0.9936120702667969
vo2_mean,quadratic,sampen,log,923,22,0.3458889039604385,0.0804584281714458,0.18819328249170184,0.5035845254291751,1.715885474273184e-05,0.19041455092791237,0.03981173193461781,0.11238499017389833,0.2684441116819264,1.7280530191154613e-06,0.9906427387551225
vo2_mean,linear,sampen,log,923,22,0.3389756877204039,0.07208599966163641,0.19768972459402998,0.48026165084677774,2.571476691225152e-06,,,,,,1.0003013645129584
vo2_median,quadratic,meanhr,raw,923,22,10.373834471859025,0.5882286839367756,9.22092743666955,11.5267415070485,1.310240728010666e-69,-1.1127373931452123,0.31447330020052594,-1.7290937356376956,-0.49638105065272886,0.0004025351584372573,0.9844684046253612
vo2_median,linear,meanhr,raw,923,22,10.222861538985159,0.7240337244425177,8.803781515485426,11.641941562484892,2.8877728772057e-45,,,,,,0.9842529554932944
vo2_median,quadratic,sdnn,raw,923,22,-5.893403664027241,0.6986377919701011,-7.262708574527226,-4.524098753527257,3.2960997052007595e-17,-0.11773373779270659,0.49568473680721487,-1.0892579696210634,0.8537904940356502,0.8122554410737137,0.996565218243787
vo2_median,linear,sdnn,raw,923,22,-5.9023709039096115,0.6904411138207919,-7.255610620444084,-4.549131187375139,1.2448736576786909e-17,,,,,,0.9966875464351302
vo2_median,quadratic,rmssd,log,923,22,-0.005624465074318734,0.03786927877437776,-0.07984688759260627,0.0685979574439688,0.8819299070324392,0.08419463356332253,0.01933699597779636,0.04629481787764578,0.12209444924899929,1.3363302072419066e-05,0.9958843863862763
vo2_median,linear,rmssd,log,923,22,0.005864435385043814,0.03819703995262298,-0.06900038723813476,0.0807292580082224,0.877979429118149,,,,,,0.9977131247028712
vo2_median,quadratic,lfpowfft,log,923,22,-0.9262642346294349,0.07653989327672046,-1.0762796688323464,-0.7762488004265233,1.0342326882272347e-33,0.10184543721070695,0.0321547386350084,0.03882330755379186,0.16486756686762205,0.001538329788589895,0.9790059824479225
vo2_median,linear,lfpowfft,log,923,22,-0.9107827678458489,0.08630964662033554,-1.0799465667400858,-0.7416189689516121,4.946180772957007e-26,,,,,,0.9788655400766935
vo2_median,quadratic,hfpowfft,log,923,22,-0.5518378013258136,0.07583763240130123,-0.7004768295051519,-0.40319877314647534,3.4241579731493565e-13,0.2265127241771258,0.03983769914281272,0.1484322686302707,0.3045931797239809,1.3013411631424708e-08,0.9857514562318864
vo2_median,linear,hfpowfft,log,923,22,-0.5091644600148045,0.07993358720991238,-0.6658314121013242,-0.35249750792828477,1.8922088410879732e-10,,,,,,0.9881279829650248
vo2_median,quadratic,lfhffft,log,923,22,-0.32028018810558545,0.07507135703225289,-0.4674173441593488,-0.17314303205182208,1.9870286160014326e-05,-0.12239801729071574,0.04322064547938318,-0.20710892581888068,-0.03768710876255081,0.004626739139404509,0.9897063583986917
vo2_median,linear,lfhffft,log,923,22,-0.3321845777789488,0.06847939859940867,-0.4664017327167524,-0.19796742284114516,1.2292184354580535e-06,,,,,,0.9914733386862343
vo2_median,quadratic,sampen,log,923,22,0.17983721757154617,0.05216286583983758,0.07759987919506983,0.2820745559480225,0.0005655700640765085,0.11366033417429752,0.030586417541504547,0.053712057376844466,0.17360861097175057,0.00020237000021054735,0.9930944066850927
vo2_median,linear,sampen,log,923,22,0.18656937727375222,0.04281827761610365,0.10264709526615151,0.27049165928135294,1.317147091683891e-05,,,,,,0.9981287875472558
vo2_end,quadratic,meanhr,raw,923,22,1.2433552806150416,0.18984888287739957,0.8712583076701755,1.6154522535599076,5.785228706179036e-11,0.120125626435434,0.08266218107918444,-0.0418892713632958,0.2821405242341638,0.14616505938386015,0.9690020881292934
vo2_end,linear,meanhr,raw,923,22,1.1557523068347186,0.21425157894910457,0.7358269284636336,1.5756776852058036,6.876436074728665e-08,,,,,,0.9690690216508899
vo2_end,quadratic,sdnn,raw,923,22,-0.6217303183484856,0.12289505153313147,-0.8626001932316172,-0.38086044346535397,4.213843996795554e-07,-0.12198876295831348,0.047783821863444084,-0.2156433328543415,-0.028334193062285462,0.010682089422588454,0.9867607876939966
vo2_end,linear,sdnn,raw,923,22,-0.5322094319205868,0.1255576583343954,-0.7782979202391871,-0.2861209436019865,2.2475257924470326e-05,,,,,,0.9868565987341726
vo2_end,quadratic,rmssd,log,923,22,-0.004930329760107097,0.007095504049849927,-0.01883726214997105,0.008976602629756858,0.4871476518344019,0.004937754320089345,0.0025349687135201803,-3.069306034604244e-05,0.009906201700524732,0.051432181634689406,0.9976421357722344
vo2_end,linear,rmssd,log,923,22,-0.008536087750782644,0.005666538930895189,-0.019642299972331315,0.0025701244707660286,0.13196390925062776,,,,,,0.9977797262516779
vo2_end,quadratic,lfpowfft,log,923,22,-0.10070479628592886,0.02052505153407496,-0.14093315807354437,-0.06047643449831335,9.274751024297581e-07,-0.009934716809699639,0.006827383763604536,-0.023316143094998056,0.0034467094755987783,0.14563384797722584,0.9679338817762492
vo2_end,linear,lfpowfft,log,923,22,-0.0934623691069111,0.022140637324764106,-0.136857220858212,-0.05006751735561019,2.428927009885002e-05,,,,,,0.9679994258520236
vo2_end,quadratic,hfpowfft,log,923,22,-0.047016006261618275,0.01371201324718618,-0.07389105838163931,-0.020140954141597243,0.0006062145247398754,0.010289786572055235,0.006625445482840445,-0.002695847955845626,0.023275421099956096,0.1204061975370764,0.9800520717746657
vo2_end,linear,hfpowfft,log,923,22,-0.054350908586677835,0.014745362476117196,-0.08325128797885589,-0.025450529194499777,0.00022783653638379825,,,,,,0.9801800243443335
vo2_end,quadratic,lfhffft,log,923,22,-0.028624507094004676,0.011770028553347456,-0.05169333915557377,-0.0055556750324355884,0.015016420045531305,-0.01640853474054975,0.005458107797459634,-0.027106229447307874,-0.005710840033791626,0.002644757978483015,0.9872449133803933
vo2_end,linear,lfhffft,log,923,22,-0.01658222408927537,0.009544438833353586,-0.03528898045529389,0.0021245322767431477,0.08232183879641482,,,,,,0.9874771300826717
vo2_end,quadratic,sampen,log,923,22,0.009927187067284366,0.009083498817457184,-0.007876143468543886,0.02773051760311262,0.274445867945286,0.004918860346563579,0.004478340074864243,-0.0038585249106927472,0.013696245603819905,0.272044325315436,0.9940397477440787
vo2_end,linear,sampen,log,923,22,0.006290466369320296,0.006665201104106766,-0.006773087744445568,0.01935402048308616,0.3452833964242443,,,,,,0.9942188207634203
